coordenadas,Record Count
null,166282
"25.67291483, -100.3526568",17
"25.68814746, -100.3516575",16
"25.68091592, -100.352066",15
"25.72244742, -100.3922909",15
"25.70485159, -100.3512213",13
"25.67073564, -100.3534322",12
"25.61360694, -100.2711108",12
"25.67313655, -100.2871766",10
"25.6678556, -100.334293",9
"25.73963717, -100.4070747",8
"25.68608977, -100.3168701",7
"25.69633286, -100.3434904",7
"25.71734357, -100.3840695",7
"25.72999895, -100.3458599",7
"25.6971013, -100.3571927",7
"25.68095366, -100.2732993",7
"25.69699595, -100.3545785",7
"25.63698489, -100.3104021",7
"25.68286715, -100.2787505",7
"25.71407329, -100.3627125",7
"25.67555712, -100.3524005",6
"25.72275576, -100.3305843",6
"25.72023048, -100.3883555",6
"25.61105971, -100.2706994",6
"25.68577803, -100.2683517",6
"25.66453391, -100.3156631",6
"25.67868852, -100.3571854",5
"25.67250975, -100.2826626",5
"25.69985132, -100.3625496",5
"25.71865085, -100.3425213",5
"25.67424468, -100.3756382",5
"25.66554117, -100.3207005",5
"25.65150075, -100.2924203",5
"25.66667526, -100.2975204",5
"25.70472203, -100.3423929",5
"25.66382532, -100.3033139",5
"25.68445578, -100.3180228",5
"25.69648894, -100.3168198",5
"25.71454457, -100.3501499",4
"25.69422271, -100.3511869",4
"25.76333422, -100.4072763",4
"25.69147628, -100.2682964",4
"25.66905277, -100.3193993",4
"25.65582718, -100.2951129",4
"25.63137463, -100.3011831",4
"25.73207191, -100.3987778",4
"25.69233468, -100.3167652",4
"25.60862349, -100.2699509",4
"25.66686409, -100.2976227",4
"25.67736328, -100.3170952",4
"25.75969908, -100.3689734",4
"25.63916232, -100.2846465",4
"25.68305915, -100.2615189",4
"25.69019294, -100.3234381",4
"25.74539808, -100.3839382",4
"25.70150365, -100.3714738",4
"25.7041065, -100.3096701",4
"25.66849707, -100.2984939",3
"25.6664418, -100.3265512",3
"25.675262, -100.365329",3
"25.68697595, -100.334148",3
"25.67131103, -100.3150966",3
"25.75920731, -100.4018126",3
"25.66332127, -100.3199948",3
"25.69225915, -100.351413",3
"25.67466806, -100.3586863",3
"25.67791692, -100.3141543",3
"25.7090518, -100.3740767",3
"25.71068322, -100.3130657",3
"25.61976825, -100.2709095",3
"25.66227016, -100.3140174",3
"25.72147319, -100.3606115",3
"25.67480226, -100.3658727",3
"25.6872914, -100.330345",3
"25.66926274, -100.320152",3
"25.7656412, -100.4110209",3
"25.67138707, -100.3803344",3
"25.67361982, -100.3803002",3
"25.67112005, -100.382192",3
"25.67508884, -100.3524397",3
"25.64787002, -100.2900984",3
"25.71215688, -100.364203",3
"25.70528761, -100.3095474",3
"25.73363809, -100.4006722",3
"25.69782577, -100.3250365",3
"25.65474498, -100.2944298",3
"25.66474753, -100.3277699",3
"25.77334918, -100.3802114",3
"25.63360752, -100.2994813",3
"25.67230108, -100.3187819",3
"25.67509677, -100.290022",3
"25.60086458, -100.2652671",3
"25.68112125, -100.3106968",3
"25.6716185, -100.2857453",3
"25.7233389, -100.3935406",3
"25.69524757, -100.2683008",3
"25.6721252, -100.373571",3
"25.63374571, -100.3053943",3
"25.73501675, -100.3777359",3
"25.70402798, -100.3033498",3
"25.672825, -100.352681",3
"25.76271668, -100.4066839",3
"25.68572131, -100.3131051",3
"25.70341065, -100.2682162",3
"25.66415195, -100.3515654",3
"25.64436908, -100.2879025",3
"25.70198957, -100.3713139",3
"25.75320032, -100.3935197",3
"25.68627771, -100.3265282",3
"25.6593223, -100.3362723",3
"25.68563851, -100.3518045",3
"25.68256617, -100.2683499",2
"25.68870891, -100.3522223",2
"25.71207548, -100.377269",2
"25.71350313, -100.3624265",2
"25.68241032, -100.2776951",2
"25.66950872, -100.3142116",2
"25.74535052, -100.3837654",2
"25.73268325, -100.3725545",2
"25.68547076, -100.3275817",2
"25.66160275, -100.3090639",2
"25.67466203, -100.3690649",2
"25.68268628, -100.3337625",2
"25.68355215, -100.3017032",2
"25.69694523, -100.3512648",2
"25.7117348, -100.361249",2
"25.68392284, -100.3519119",2
"25.70733442, -100.3169122",2
"25.77004962, -100.4035166",2
"25.68449115, -100.30155",2
"25.67806775, -100.3237366",2
"25.66275705, -100.2977829",2
"25.60909326, -100.2701997",2
"25.69101141, -100.2958039",2
"25.66638528, -100.302864",2
"25.62718334, -100.2773093",2
"25.67709182, -100.2906976",2
"25.70394831, -100.3264053",2
"25.73125686, -100.3466744",2
"25.71905802, -100.3646698",2
"25.74044563, -100.353457",2
"25.67785855, -100.2976956",2
"25.68159255, -100.3505026",2
"25.67327054, -100.3354619",2
"25.67804947, -100.3317",2
"25.68886329, -100.3136348",2
"25.68384114, -100.320103",2
"25.70438302, -100.3198762",2
"25.63756806, -100.3116641",2
"25.70942963, -100.3424165",2
"25.63834106, -100.3119523",2
"25.70436069, -100.3217315",2
"25.67201571, -100.3150061",2
"25.68321529, -100.3220934",2
"25.69953535, -100.3275643",2
"25.75965366, -100.4019684",2
"25.62378703, -100.2747824",2
"25.6685814, -100.3381418",2
"25.64663952, -100.2749107",2
"25.68369157, -100.285327",2
"25.664925, -100.284179",2
"25.68278386, -100.3104707",2
"25.76509471, -100.3973231",2
"25.69036503, -100.3515222",2
"25.74504044, -100.4102078",2
"25.72897862, -100.3170185",2
"25.671488, -100.291422",2
"25.67022866, -100.3445238",2
"25.69431169, -100.3565468",2
"25.6916789, -100.3142523",2
"25.66267729, -100.2972572",2
"25.75656052, -100.3980959",2
"25.69560728, -100.3289562",2
"25.67409055, -100.3676286",2
"25.725071, -100.342509",2
"25.68003986, -100.3177553",2
"25.67537178, -100.3231165",2
"25.68587755, -100.3228386",2
"25.68427178, -100.3451065",2
"25.67627517, -100.3523511",2
"25.59759058, -100.2627059",2
"25.64074374, -100.3157565",2
"25.712691, -100.308571",2
"25.75483412, -100.3542073",2
"25.68523551, -100.3170266",2
"25.76979502, -100.4191186",2
"25.71719405, -100.3541908",2
"25.65516, -100.291602",2
"25.6266276, -100.2767522",2
"25.76273492, -100.3721051",2
"25.76864595, -100.3679218",2
"25.75158711, -100.391213",2
"25.67008149, -100.3814347",2
"25.75844621, -100.4007665",2
"25.67844311, -100.3110507",2
"25.68371354, -100.2873562",2
"25.67500594, -100.3193983",2
"25.666988, -100.32047",2
"25.67347886, -100.3030467",2
"25.69727243, -100.3730111",2
"25.6996368, -100.3512126",2
"25.59650215, -100.2612271",2
"25.68459788, -100.3025105",2
"25.77842782, -100.3863119",2
"25.61015092, -100.2703938",2
"25.73925374, -100.3784399",2
"25.6814264, -100.3058361",2
"25.68048048, -100.2973169",2
"25.70644137, -100.3168943",2
"25.69695417, -100.3527188",2
"25.67650068, -100.3172066",2
"25.68352317, -100.3249447",2
"25.74068533, -100.3795526",2
"25.67813058, -100.308188",2
"25.66498983, -100.3350618",2
"25.675231, -100.364438",2
"25.68435002, -100.3171589",2
"25.70890285, -100.366657",2
"25.78725668, -100.3775545",2
"25.69670392, -100.3471315",2
"25.62135172, -100.2856126",2
"25.66470965, -100.3166093",2
"25.66299943, -100.3179912",2
"25.77131707, -100.4220701",2
"25.67095778, -100.3100532",2
"25.69618854, -100.3802258",2
"25.66575239, -100.3336847",2
"25.66721595, -100.2843064",2
"25.68381476, -100.3123178",2
"25.62026723, -100.2838757",2
"25.68976945, -100.3143402",2
"25.66703515, -100.3108406",2
"25.66932429, -100.3486387",2
"25.55531766, -100.2316455",2
"25.7146999, -100.3741289",2
"25.69470288, -100.3437159",2
"25.68349311, -100.3519333",2
"25.63365994, -100.2995855",1
"25.69556604, -100.3338072",1
"25.7586009, -100.3563912",1
"25.66993298, -100.3802659",1
"25.6337888, -100.3054255",1
"25.66539192, -100.3196203",1
"25.6723428, -100.3528369",1
"25.67016064, -100.3337076",1
"25.68423139, -100.3161793",1
"25.73052215, -100.316579",1
"25.68553168, -100.3111137",1
"25.6734705, -100.3810059",1
"25.7265262, -100.3586447",1
"25.6621528, -100.3191775",1
"25.7456564, -100.3692355",1
"25.66128537, -100.3040318",1
"25.7242378, -100.3268424",1
"25.70260311, -100.3672911",1
"25.76055859, -100.3966785",1
"25.7534032, -100.3858053",1
"25.7205511, -100.366346",1
"25.75571849, -100.3591537",1
"25.6584601, -100.2840327",1
"25.68116965, -100.3571903",1
"25.6869721, -100.3331547",1
"25.73991155, -100.3470037",1
"25.66583666, -100.3135827",1
"25.67697609, -100.3054829",1
"25.69133472, -100.3449871",1
"25.7622755, -100.3654979",1
"25.67189362, -100.3235844",1
"25.66662406, -100.2970638",1
"25.667056, -100.2905847",1
"25.7171575, -100.3841568",1
"25.71527565, -100.3512859",1
"25.7391048, -100.3816055",1
"25.67394875, -100.3486523",1
"25.71673858, -100.3472145",1
"25.6798008, -100.2913635",1
"25.72278499, -100.3356931",1
"25.69491845, -100.354615",1
"25.71088743, -100.3651375",1
"25.67089563, -100.2851452",1
"25.75898452, -100.3592711",1
"25.76165489, -100.3829839",1
"25.7150599, -100.308231",1
"25.68229731, -100.3299464",1
"25.66561012, -100.3122588",1
"25.66380505, -100.3070391",1
"25.67015077, -100.3361314",1
"25.75625992, -100.3749206",1
"25.7710869, -100.37009",1
"25.69935815, -100.3197581",1
"25.68658912, -100.3207037",1
"25.72407672, -100.364478",1
"25.70361061, -100.2813229",1
"25.69631192, -100.2897961",1
"25.68608606, -100.333307",1
"25.70914997, -100.3602432",1
"25.6927862, -100.3041941",1
"25.77646852, -100.38679",1
"25.6929509, -100.3226131",1
"25.67907788, -100.3168669",1
"25.73554412, -100.3494353",1
"25.6744048, -100.2982942",1
"25.727158, -100.3882953",1
"25.65771998, -100.3098807",1
"25.7073451, -100.3679581",1
"25.6944919, -100.3370476",1
"25.691685, -100.311284",1
"25.68480469, -100.2977243",1
"25.68213979, -100.2971124",1
"25.72159273, -100.3905818",1
"25.70784225, -100.3728048",1
"25.69250329, -100.3534474",1
"25.72253686, -100.3742545",1
"25.75786562, -100.357076",1
"25.74800174, -100.4263257",1
"25.68133606, -100.2971879",1
"25.68671755, -100.3216738",1
"25.68456015, -100.3190198",1
"25.6642084, -100.3139498",1
"25.76309084, -100.4127183",1
"25.70764911, -100.3303379",1
"25.72901162, -100.3205122",1
"25.7634144, -100.3801137",1
"25.73356419, -100.3329214",1
"25.68237342, -100.3222119",1
"25.68620832, -100.3178171",1
"25.56631814, -100.2392865",1
"25.660157, -100.283989",1
"25.76608926, -100.3965582",1
"25.71278588, -100.3476431",1
"25.69165215, -100.3440859",1
"25.70073435, -100.3101394",1
"25.7245925, -100.3909462",1
"25.673602, -100.314784",1
"25.73588018, -100.3652984",1
"25.74174929, -100.4113203",1
"25.62650018, -100.2937352",1
"25.76392317, -100.3713898",1
"25.743904, -100.3633849",1
"25.662697, -100.322186",1
"25.6864721, -100.3284195",1
"25.6468304, -100.297354",1
"25.73300212, -100.3818349",1
"25.67142522, -100.3188992",1
"25.75483894, -100.4040338",1
"25.6370802, -100.2909939",1
"25.67662629, -100.3182219",1
"25.67142785, -100.3198471",1
"25.57490528, -100.2368066",1
"25.67079762, -100.3090801",1
"25.69700163, -100.3552538",1
"25.7250931, -100.3426353",1
"25.65986011, -100.311472",1
"25.72481089, -100.3906489",1
"25.60068369, -100.2655669",1
"25.67114545, -100.3305682",1
"25.77505976, -100.4008824",1
"25.72847154, -100.3687666",1
"25.70726935, -100.3252573",1
"25.68946091, -100.3232731",1
"25.77720343, -100.3843369",1
"25.79288088, -100.3801645",1
"25.6796948, -100.3060533",1
"25.69490786, -100.3455156",1
"25.64199406, -100.2787983",1
"25.72718283, -100.3881715",1
"25.6967657, -100.3318991",1
"25.68152402, -100.2990999",1
"25.68099738, -100.294232",1
"25.67015185, -100.3336264",1
"25.70544347, -100.3423886",1
"25.71188685, -100.3723701",1
"25.79041985, -100.3790252",1
"25.683697, -100.326861",1
"25.68374008, -100.3191324",1
"25.77443972, -100.3715682",1
"25.7342259, -100.3485031",1
"25.69956529, -100.3168238",1
"25.71644402, -100.3640116",1
"25.67939906, -100.3197171",1
"25.68257317, -100.2827407",1
"25.76447342, -100.3777244",1
"25.68591205, -100.3149997",1
"25.72070703, -100.3595439",1
"25.68374079, -100.2918401",1
"25.6704671, -100.2987689",1
"25.69395878, -100.3468364",1
"25.6771692, -100.3073707",1
"25.68718803, -100.35646",1
"25.65297377, -100.2771755",1
"25.68202249, -100.2766009",1
"25.6599983, -100.2971139",1
"25.67704043, -100.3142701",1
"25.67637194, -100.3321047",1
"25.7767041, -100.3967285",1
"25.7045654, -100.3332831",1
"25.63365, -100.2722613",1
"25.69891074, -100.2872691",1
"25.7597904, -100.3804874",1
"25.6903127, -100.3395509",1
"25.68258071, -100.3085793",1
"25.75183099, -100.4108368",1
"25.7097055, -100.3009154",1
"25.67672983, -100.3191722",1
"25.74916326, -100.3625054",1
"25.75258097, -100.3631094",1
"25.7350058, -100.3459906",1
"25.68641648, -100.3362015",1
"25.7376362, -100.3893835",1
"25.66033474, -100.2800496",1
"25.6787958, -100.3061862",1
"25.6845158, -100.3403654",1
"25.740649, -100.33999",1
"25.66876998, -100.2824942",1
"25.7127679, -100.3729609",1
"25.73635797, -100.3690896",1
"25.67356011, -100.347419",1
"25.68194608, -100.2951023",1
"25.61260734, -100.2671823",1
"25.70714395, -100.3552197",1
"25.7527855, -100.3928213",1
"25.7567758, -100.3509303",1
"25.65793897, -100.2964427",1
"25.7341584, -100.3486305",1
"25.68667963, -100.3119208",1
"25.68670698, -100.2953875",1
"25.69037654, -100.3442745",1
"25.65914292, -100.3126619",1
"25.7379602, -100.3527723",1
"25.67485097, -100.3261064",1
"25.66195683, -100.2935443",1
"25.674563, -100.347279",1
"25.6891295, -100.3665196",1
"25.79296503, -100.3831148",1
"25.6622922, -100.2746388",1
"25.68801988, -100.3426736",1
"25.66542046, -100.3111449",1
"25.70930575, -100.2877465",1
"25.70407692, -100.3074584",1
"25.704591, -100.3296626",1
"25.68168462, -100.3242161",1
"25.75452872, -100.3952939",1
"25.684773, -100.320927",1
"25.64066058, -100.3053624",1
"25.67360172, -100.314784",1
"25.644825, -100.2774933",1
"25.68496426, -100.3305971",1
"25.7533296, -100.3583218",1
"25.72355129, -100.3378425",1
"25.70634525, -100.3269359",1
"25.72422567, -100.3270831",1
"25.6516643, -100.3061951",1
"25.61752, -100.27099",1
"25.69493605, -100.355283",1
"25.7022431, -100.3513941",1
"25.72559305, -100.3234613",1
"25.76947112, -100.3853817",1
"25.66875735, -100.3094834",1
"25.6626441, -100.2956209",1
"25.67683113, -100.2899937",1
"25.67604854, -100.3423665",1
"25.67876858, -100.3140328",1
"25.646223, -100.290109",1
"25.67181386, -100.3123269",1
"25.66179996, -100.3172258",1
"25.77924345, -100.3916983",1
"25.66684925, -100.3197457",1
"25.67566566, -100.3094887",1
"25.70464589, -100.3374637",1
"25.56438605, -100.2264874",1
"25.70808143, -100.2817832",1
"25.70304932, -100.3426014",1
"25.70055152, -100.3374475",1
"25.674527, -100.396608",1
"25.70410269, -100.3086493",1
"25.75427675, -100.3812944",1
"25.6607393, -100.3012034",1
"25.686262, -100.341518",1
"25.67016034, -100.3043605",1
"25.70855164, -100.3402135",1
"25.71292722, -100.342457",1
"25.73191602, -100.3735542",1
"25.70212961, -100.3712632",1
"25.758516, -100.388176",1
"25.66210365, -100.2943938",1
"25.66707289, -100.3156499",1
"25.7044788, -100.2774645",1
"25.73623805, -100.3969169",1
"25.65753014, -100.303858",1
"25.5860733, -100.2497291",1
"25.63718009, -100.2834113",1
"25.66127261, -100.3142315",1
"25.7843113, -100.3748755",1
"25.68497184, -100.3229536",1
"25.674695, -100.402962",1
"25.73839274, -100.3299419",1
"25.71412178, -100.3805529",1
"25.65975712, -100.3060756",1
"25.65701109, -100.3010331",1
"25.6091012, -100.2689073",1
"25.70343678, -100.277524",1
"25.65902108, -100.3306924",1
"25.7230187, -100.3424656",1
"25.6396494, -100.314952",1
"25.67561063, -100.3250108",1
"25.6940884, -100.2801484",1
"25.7371249, -100.3932252",1
"25.6963525, -100.2922246",1
"25.76730698, -100.4097822",1
"25.72417586, -100.3683607",1
"25.66144938, -100.3049965",1
"25.60692592, -100.2690026",1
"25.695631, -100.295102",1
"25.67452413, -100.2759457",1
"25.63381422, -100.281281",1
"25.59527962, -100.2603655",1
"25.675823, -100.3192914",1
"25.5966242, -100.2614262",1
"25.61140644, -100.2709741",1
"25.62844021, -100.2843132",1
"25.66490796, -100.3177903",1
"25.6548762, -100.2943568",1
"25.78003029, -100.3973317",1
"25.73880955, -100.3333387",1
"25.72216605, -100.3334993",1
"25.67321078, -100.3521926",1
"25.68537446, -100.3266231",1
"25.6544126, -100.2782117",1
"25.76657038, -100.3686903",1
"25.7395438, -100.3322972",1
"25.70800728, -100.3562531",1
"25.7572335, -100.3785852",1
"25.5559993, -100.2323128",1
"25.75273433, -100.3705031",1
"25.68780897, -100.3128004",1
"25.73611483, -100.3426472",1
"25.72883829, -100.390352",1
"25.7533233, -100.3797061",1
"25.70478934, -100.3483681",1
"25.5798288, -100.2366756",1
"25.66513967, -100.3460404",1
"25.70907183, -100.3275272",1
"25.71659225, -100.3475577",1
"25.65718049, -100.2979199",1
"25.75474535, -100.3600546",1
"25.66346895, -100.3082163",1
"25.67038638, -100.3400058",1
"25.68343023, -100.2766341",1
"25.740095, -100.371427",1
"25.719276, -100.349107",1
"25.68225312, -100.3057035",1
"25.7010811, -100.3451375",1
"25.7420334, -100.3614655",1
"25.72559892, -100.389846",1
"25.67527808, -100.3298835",1
"25.703622, -100.333001",1
"25.6408608, -100.2838603",1
"25.7438597, -100.3634254",1
"25.77421271, -100.3721557",1
"25.68195723, -100.2931152",1
"25.669737, -100.2818452",1
"25.65074486, -100.2990966",1
"25.6189236, -100.2641501",1
"25.69517885, -100.336948",1
"25.64298583, -100.2738788",1
"25.70734551, -100.3142241",1
"25.68810135, -100.3166939",1
"25.68329121, -100.3075388",1
"25.75285962, -100.4208702",1
"25.7416793, -100.3624898",1
"25.67928263, -100.3187436",1
"25.68557635, -100.3285454",1
"25.69381246, -100.3467313",1
"25.68705702, -100.365087",1
"25.72749834, -100.3426146",1
"25.6848262, -100.3132459",1
"25.65753, -100.303858",1
"25.72389326, -100.3281106",1
"25.76708106, -100.3996758",1
"25.68595825, -100.3236635",1
"25.69695348, -100.3521643",1
"25.72281103, -100.3418596",1
"25.6414887, -100.3150694",1
"25.73418678, -100.3375783",1
"25.69267112, -100.2995165",1
"25.68616584, -100.3414525",1
"25.72250503, -100.3620949",1
"25.63630034, -100.3088323",1
"25.76753118, -100.3666642",1
"25.66350541, -100.3211152",1
"25.75052962, -100.3638494",1
"25.69132603, -100.3548766",1
"25.68774473, -100.2618731",1
"25.753216, -100.3877597",1
"25.73030182, -100.3963654",1
"25.6844418, -100.2730591",1
"25.68288525, -100.3037354",1
"25.649057, -100.30675",1
"25.7951299, -100.386412",1
"25.60342262, -100.2601565",1
"25.6990588, -100.3168046",1
"25.68372663, -100.2894616",1
"25.64356622, -100.2970661",1
"25.6952802, -100.3612318",1
"25.68360102, -100.3103703",1
"25.67444971, -100.3578627",1
"25.74327557, -100.3563552",1
"25.6825445, -100.3241046",1
"25.6327019, -100.2884786",1
"25.68982275, -100.3301016",1
"25.67051638, -100.3270594",1
"25.672819, -100.2867728",1
"25.68666217, -100.3303338",1
"25.62110566, -100.2715639",1
"25.66382, -100.31199",1
"25.66815634, -100.3195692",1
"25.63549706, -100.2960873",1
"25.7463192, -100.3881216",1
"25.70462057, -100.3265581",1
"25.6493907, -100.3091384",1
"25.677197, -100.291689",1
"25.72056595, -100.3870783",1
"25.67836144, -100.3335601",1
"25.7128973, -100.3561657",1
"25.672038, -100.362263",1
"25.6786965, -100.3052479",1
"25.66484612, -100.3290723",1
"25.67438472, -100.2981712",1
"25.6956003, -100.3290259",1
"25.74637518, -100.3223285",1
"25.61406726, -100.2741432",1
"25.68163312, -100.3000465",1
"25.74391576, -100.4205644",1
"25.71317418, -100.379526",1
"25.58508372, -100.2566603",1
"25.66184191, -100.3073287",1
"25.77723285, -100.3843765",1
"25.6335906, -100.2894667",1
"25.78546427, -100.4131026",1
"25.719955, -100.371015",1
"25.73971448, -100.4033037",1
"25.66252145, -100.3212311",1
"25.70825583, -100.3583385",1
"25.66528746, -100.3102033",1
"25.66960429, -100.3424579",1
"25.72096331, -100.342505",1
"25.66413457, -100.3516352",1
"25.70888722, -100.3575593",1
"25.69889963, -100.3665653",1
"25.5999446, -100.2650902",1
"25.677236, -100.323857",1
"25.66959074, -100.3010005",1
"25.7309665, -100.3164291",1
"25.67943846, -100.3652346",1
"25.7191752, -100.3574604",1
"25.70219334, -100.3099466",1
"25.67850069, -100.3275738",1
"25.66863483, -100.3154396",1
"25.69261352, -100.3561769",1
"25.68071465, -100.3068808",1
"25.6460393, -100.286945",1
"25.67101349, -100.2873592",1
"25.63824386, -100.272743",1
"25.64563518, -100.2887177",1
"25.6478558, -100.2849323",1
"25.68947175, -100.2883486",1
"25.64085251, -100.2812685",1
"25.68460572, -100.311236",1
"25.60667038, -100.2685651",1
"25.74009543, -100.3714274",1
"25.72132575, -100.3831015",1
"25.66581, -100.345893",1
"25.57862632, -100.2487613",1
"25.74324375, -100.3510269",1
"25.68989075, -100.3167929",1
"25.66764889, -100.3097103",1
"25.550337, -100.224638",1
"25.7626291, -100.3721315",1
"25.76036873, -100.3756711",1
"25.6878179, -100.321654",1
"25.58239298, -100.2438408",1
"25.76330782, -100.4014077",1
"25.72674151, -100.3946801",1
"25.58770255, -100.2583084",1
"25.7013095, -100.3478586",1
"25.73699872, -100.3259339",1
"25.7305657, -100.3819102",1
"25.74280623, -100.3485622",1
"25.70028823, -100.3287139",1
"25.73696186, -100.3377922",1
"25.6547449, -100.2972602",1
"25.63214014, -100.2849564",1
"25.70718909, -100.3679805",1
"25.71798815, -100.3599923",1
"25.66716777, -100.3073891",1
"25.68313862, -100.2776647",1
"25.67018377, -100.3318434",1
"25.58389749, -100.2571207",1
"25.69422345, -100.3513002",1
"25.67446172, -100.2894967",1
"25.71871288, -100.3524111",1
"25.70776208, -100.3402251",1
"25.68646138, -100.319745",1
"25.63552365, -100.3021892",1
"25.7583543, -100.427292",1
"25.679508, -100.296457",1
"25.6845771, -100.3015245",1
"25.6321776, -100.3067055",1
"25.70824202, -100.2686231",1
"25.67435835, -100.3736677",1
"25.7439951, -100.343749",1
"25.68015703, -100.3021485",1
"25.76948986, -100.3688746",1
"25.689031, -100.3106307",1
"25.73097957, -100.3464879",1
"25.67473899, -100.2942136",1
"25.6867574, -100.3758091",1
"25.70490423, -100.3697113",1
"25.66004492, -100.2864484",1
"25.728647, -100.333092",1
"25.66074466, -100.3214766",1
"25.666988, -100.3204702",1
"25.79145717, -100.3795027",1
"25.67068985, -100.308254",1
"25.64466185, -100.2880916",1
"25.675738, -100.3183473",1
"25.66281048, -100.3170062",1
"25.62427855, -100.2867471",1
"25.707, -100.316906",1
"25.6805748, -100.3224495",1
"25.6745412, -100.3232406",1
"25.6961052, -100.380071",1
"25.71947247, -100.34487",1
"25.75577545, -100.3709171",1
"25.637865, -100.286784",1
"25.67234026, -100.330363",1
"25.6827812, -100.2805304",1
"25.76953315, -100.3769466",1
"25.71658783, -100.3913701",1
"25.74102871, -100.3249671",1
"25.7004944, -100.35142",1
"25.630192, -100.299285",1
"25.66578132, -100.3000725",1
"25.66806643, -100.2843653",1
"25.61894323, -100.2818146",1
"25.72406826, -100.3425279",1
"25.6850048, -100.2996315",1
"25.68122148, -100.311687",1
"25.68419008, -100.3074095",1
"25.66667639, -100.3278684",1
"25.57617266, -100.2462098",1
"25.6810683, -100.3457227",1
"25.68655435, -100.2964465",1
"25.6642757, -100.2749023",1
"25.73493172, -100.3678037",1
"25.660389, -100.314432",1
"25.68389143, -100.37303",1
"25.66568617, -100.2972869",1
"25.68683348, -100.3227461",1
"25.66923705, -100.3127176",1
"25.67367125, -100.3301434",1
"25.5323439, -100.2050126",1
"25.68447469, -100.325763",1
"25.58689689, -100.2465588",1
"25.7300603, -100.3721435",1
"25.681569, -100.306769",1
"25.73584988, -100.3785544",1
"25.70307722, -100.3262163",1
"25.62238965, -100.2872839",1
"25.664099, -100.330016",1
"25.7576719, -100.3787895",1
"25.6956678, -100.371799",1
"25.67435563, -100.3135047",1
"25.61071615, -100.2754313",1
"25.70372589, -100.2879084",1
"25.78412789, -100.4070035",1
"25.751822, -100.389488",1
"25.70710672, -100.3678647",1
"25.6509326, -100.2755375",1
"25.73217086, -100.3810939",1
"25.69071711, -100.3167852",1
"25.71804622, -100.355598",1
"25.6949583, -100.3475239",1
"25.7175798, -100.3560276",1
"25.70420212, -100.3702347",1
"25.7250039, -100.3246676",1
"25.70505109, -100.2914242",1
"25.7107087, -100.3822374",1
"25.72443023, -100.3660087",1
"25.66656955, -100.2790123",1
"25.692335, -100.316765",1
"25.70965197, -100.30896",1
"25.68736963, -100.3292342",1
"25.70396958, -100.3650392",1
"25.6209613, -100.2731394",1
"25.68526256, -100.3256621",1
"25.7004901, -100.3320824",1
"25.6878142, -100.3495993",1
"25.672915, -100.352657",1
"25.69874572, -100.3605245",1
"25.63437686, -100.3012556",1
"25.65557031, -100.2937979",1
"25.676624, -100.310334",1
"25.72460986, -100.3258894",1
"25.6973857, -100.3818859",1
"25.68577386, -100.3304558",1
"25.70570252, -100.2681787",1
"25.63013797, -100.2991959",1
"25.67839655, -100.3266012",1
"25.65542591, -100.2789805",1
"25.70021898, -100.3101926",1
"25.7103297, -100.3068374",1
"25.7211191, -100.3880102",1
"25.68733194, -100.3446925",1
"25.75151562, -100.3890234",1
"25.67022083, -100.2945362",1
"25.67737811, -100.3092688",1
"25.69148637, -100.2776723",1
"25.7561048, -100.3527225",1
"25.68764925, -100.347135",1
"25.756056, -100.403344",1
"25.69213368, -100.345509",1
"25.679625, -100.297458",1
"25.69431594, -100.3578382",1
"25.68515552, -100.3549637",1
"25.71988411, -100.3583327",1
"25.7369756, -100.3324932",1
"25.716528, -100.3477079",1
"25.57845794, -100.2489155",1
"25.67601751, -100.336508",1
"25.65665772, -100.304036",1
"25.638931, -100.307002",1
"25.63426038, -100.295417",1
"25.70648878, -100.3093881",1
"25.6378177, -100.3111577",1
"25.63969052, -100.3141422",1
"25.6858783, -100.2682927",1
"25.72196143, -100.3328177",1
"25.67463943, -100.3971212",1
"25.65300011, -100.2819805",1
"25.7354446, -100.3206246",1
"25.66764935, -100.3331783",1
"25.67501915, -100.3108219",1
"25.67267572, -100.3594687",1
"25.63766037, -100.3094754",1
"25.6670188, -100.3108192",1
"25.74152374, -100.3426496",1
"25.75782181, -100.414629",1
"25.659011, -100.3015863",1
"25.66593069, -100.3348231",1
"25.73654398, -100.3501078",1
"25.67718832, -100.2916169",1
"25.76270583, -100.3611128",1
"25.7073335, -100.3173418",1
"25.68485694, -100.3218804",1
"25.684243, -100.340125",1
"25.7460912, -100.3531865",1
"25.67640555, -100.3084273",1
"25.65771148, -100.3048309",1
"25.70091986, -100.3357159",1
"25.70137042, -100.3511833",1
"25.74993835, -100.388988",1
"25.7536355, -100.4029728",1
"25.68144328, -100.3136855",1
"25.68055758, -100.3137924",1
"25.73196609, -100.3516672",1
"25.70312353, -100.3522979",1
"25.75482466, -100.3935243",1
"25.6968046, -100.3545916",1
"25.6994429, -100.3413691",1
"25.69322208, -100.3563207",1
"25.6979564, -100.3114996",1
"25.6882198, -100.259581",1
"25.66649689, -100.3174729",1
"25.69569989, -100.3443874",1
"25.7185732, -100.35828",1
"25.68236775, -100.3066663",1
"25.66367145, -100.302541",1
"25.68705766, -100.3254328",1
"25.68246925, -100.3231474",1
"25.71113306, -100.3715649",1
"25.7955038, -100.3808159",1
"25.681675, -100.3077203",1
"25.682104, -100.32909",1
"25.77375798, -100.3805441",1
"25.66999892, -100.289894",1
"25.7441858, -100.3883222",1
"25.7310295, -100.3709101",1
"25.6869292, -100.3698044",1
"25.66648086, -100.278345",1
"25.7631424, -100.3833962",1
"25.73526243, -100.3986295",1
"25.68375132, -100.2804977",1
"25.74157762, -100.4057374",1
"25.696476, -100.321687",1
"25.7175688, -100.3535657",1
"25.72581726, -100.331229",1
"25.7483443, -100.3471949",1
"25.67932122, -100.3109417",1
"25.67446426, -100.3146407",1
"25.6837795, -100.2853426",1
"25.6810864, -100.3271828",1
"25.66298515, -100.3289131",1
"25.675092, -100.290008",1
"25.67108788, -100.3227625",1
"25.5923286, -100.2558459",1
"25.68497986, -100.3518426",1
"25.77332664, -100.4121784",1
"25.67186849, -100.367847",1
"25.68242802, -100.3454686",1
"25.67166289, -100.3099204",1
"25.66827529, -100.3071206",1
"25.6402324, -100.3120427",1
"25.724088, -100.355301",1
"25.67251422, -100.3224395",1
"25.68130822, -100.3290936",1
"25.71653, -100.325829",1
"25.66392019, -100.322904",1
"25.68385015, -100.2947881",1
"25.61464995, -100.2711329",1
"25.639296, -100.2881248",1
"25.67873873, -100.297594",1
"25.68350305, -100.3094658",1
"25.76341995, -100.3734464",1
"25.6191963, -100.2839923",1
"25.69178434, -100.3553251",1
"25.6868062, -100.2930531",1
"25.6723362, -100.319724",1
"25.7862574, -100.3789869",1
"25.64735052, -100.2907983",1
"25.5894813, -100.2508547",1
"25.72654855, -100.3697352",1
"25.66723915, -100.286937",1
"25.73496626, -100.3776793",1
"25.65561578, -100.3033144",1
"25.68505771, -100.3237679",1
"25.69785676, -100.2619437",1
"25.64645506, -100.3045653",1
"25.6728021, -100.3803695",1
"25.69169609, -100.3112865",1
"25.68064832, -100.3433796",1
"25.7528629, -100.3688185",1
"25.6866874, -100.3381108",1
"25.64801011, -100.3070064",1
"25.6755728, -100.3524975",1
"25.71169346, -100.3026731",1
"25.6795631, -100.3652441",1
"25.75523431, -100.3931585",1
"25.71851923, -100.3102692",1
"25.66003685, -100.317562",1
"25.7587616, -100.3876095",1
"25.7282035, -100.3710263",1
"25.7401485, -100.34743",1